{"X": {"data": [[0.9787379841057392], [1.934379945104739], [-0.7421650204064419], [0.12167501649282841], [0.44386323274542566], [1.469358769900285], [0.37816251960217356], [1.931767031680038], [-0.10321885179355784], [-2.034684623905231], [1.5327792143584575], [2.039678911785549], [0.8644361988595057], [1.2023798487844113], [-0.977277879876411], [-0.1513572082976979], [-2.073122934072458], [-2.036220018123414], [0.15634896910398005], [0.7774903558319101], [-0.8540957393017248], [2.2697546239876076], [1.764052345967664], [1.454273506962975], [-0.30230275057533557], [-0.1871838500258336], [-1.4200179371789752], [-1.4543656745987648], [0.04575851730144607], [-1.980796468223927], [2.015205599747621], [-1.9554927868809524], [2.240893199201458], [-0.3479121493261526], [0.9500884175255894], [-1.7062701906250126], [-1.6138978475579515], [-0.5096521817516535], [1.8675579901499675], [0.7610377251469934], [1.4940790731576061], [-1.2527953600499262], [0.33367432737426683], [-0.4380743016111864], [1.98336919204002], [-0.2127402802139687], [0.31306770165090136], [-1.0485529650670926], [-2.5529898158340787], [-0.20515826376580087], [2.041591118583384], [-2.0823070250375917], [0.144043571160878], [0.41059850193837233], [-1.989040985364591], [-0.3873268174079523], [0.1549474256969163], [1.2302906807277207], [0.6536185954403606], [-1.9975657262213404], [2.0195447542070424], [-0.8877857476301128], [-1.9374767448689874], [1.9507753952317897], [2.0922553696032784], [1.8876978838390546], [-1.8984579786011957], [0.4001572083672233], [2.1377106377306796], [-2.038576219429128]], "type": "Float64"}, "y": {"data": [21.007130711872914, -50.06462161584661, -5.18017952187273, 6.745363889320048, 11.963793238112743, 27.41953245008989, 10.581598176641927, -52.7614866327425, 6.4288392643498895, 53.96035594744856, 30.768660824744963, -43.84159705750345, 19.33846747686268, 25.90229716396316, -10.308891724986667, 3.4527631218161, 54.31446110512276, 49.1300748737885, 8.939899150515709, 19.641380377273638, -10.21426129385418, 40.74984823594811, 34.400771046555064, 28.020722628362872, 2.2995841814007294, 4.420629802707191, -17.535125650000392, -16.659679871610106, 5.170793419593071, -23.34614334317339, -49.953284980252946, 50.375529989068006, 40.984595693912176, -1.7556822573369102, 21.62884431179775, -19.846294680953964, -18.864675056178378, -0.7707294066558223, 37.23446819721817, 17.478352081488207, 30.562420382419397, -12.399161978193417, 11.009214033092148, -0.759343257814109, -50.24541928052772, 2.5206650588253985, 11.128194862534075, -9.434748991552036, -34.44860475312782, 5.271625260749868, -48.3724944344133, 51.2661239609174, 7.654283214882419, 13.378034032655732, 47.28342643840045, 0.4367407365407404, 9.723311380071376, 25.354160600924953, 15.027839176686191, 51.39946820908775, -50.06546304847329, -5.5028665175774485, 52.515182187838434, 36.53712134166817, -56.75512695217371, -46.4009232732277, 49.463892592048424, 11.120532394311493, -48.95490034120342, 49.42383498503221], "type": "Float64"}}