{"u": {"data": [0.05117043779166164, 0.07235036841916032, 0.07556656219249991, 0.08738268983700015, 0.10407876636568492, 0.11804156469474747, 0.13481864568964197, 0.16448841169377215, 0.16453271965593197, 0.19490100382675557, 0.20729598015592154, 0.238011277490479, 0.2426373266109082, 0.24403242795584523, 0.2514637879892241, 0.26461952968972313, 0.28011374830583724, 0.30638265119748087, 0.31891732643409587, 0.3340179486311926, 0.3397563795229198, 0.34769798866549106, 0.3670462444410366, 0.38644740628801766, 0.3919328654391413, 0.39243056875450566, 0.44077719260383885, 0.4441214092546122, 0.4671194071688368, 0.49120104111602625, 0.49159142716951554, 0.4956167803712477, 0.49735683933262276, 0.5037478187577902, 0.5129053230612274, 0.5597742312947368, 0.5646665355933133, 0.5740318396283186, 0.575533888310394, 0.5782103491419366, 0.5845925768881225, 0.6040775469649426, 0.6144380631063997, 0.6444202813723995, 0.6592678664279883, 0.6649647021455755, 0.7009280635401255, 0.7060610072140607, 0.7249940940432136, 0.7274807400981556, 0.729448114085988, 0.7310652091744038, 0.7316337132869178, 0.7412316659101856, 0.7412380741303433, 0.7482239682739769, 0.7538900662482234, 0.7566537173094037, 0.7847305693588856, 0.7897696137224098, 0.7945064590513661, 0.8541148850495631, 0.8634762184870425, 0.8915804869744248, 0.9025802071006132, 0.9322953086416043, 0.9369278798585663, 0.9449491922357597, 0.9639757258676741, 0.9650893843366521, 0.970078102791018, 0.9745886561450209, 0.9775178232106564, 0.9887490030926774, 0.9930013144781219], "type": "Float64"}, "v": {"data": [-22.67408444620779, 4.998402023304443, 41.32002231616639, 4.995257964962117, 6.447411955418002, 5.401870675988558, 9.683385711143693, 9.440163719832736, 10.327009200709286, 7.020525189779253, 6.48741957183943, 7.648203393426641, 9.264787399534622, 9.815015043958274, 8.427520916803367, 11.122436631876672, 13.773363697293192, 8.786727407211641, 10.37012934294955, 8.833477349050817, 12.346703033673501, 10.838190176863447, -2.9432847977881824, 6.890434269692327, 7.514193825987723, 9.65176209388547, 5.338455945139598, 5.2755024129019334, 2.438314278396126, 3.161720351142002, 4.594682870664144, 1.7194165309764948, 1.0201306804069274, 2.220086138316232, 1.9923827005935255, -1.4426060861926397, -2.9928455321538707, -3.331380406475942, -4.795600744168416, -4.198150151954893, -3.100232350714848, -5.389295131808995, 3.5508442662062683, -14.85506899812811, -6.478268103309546, -7.690051447234127, -7.10050040002964, -8.987113205712529, -9.198347868540651, -10.215770142186015, -12.289538433353629, -10.193414885548648, -11.000447779478298, -10.950990618429817, -9.640830043395784, -24.91204086150911, -27.958855306617036, -11.594859604432898, -10.251806714811583, -8.778906735991116, -10.775707529730104, -6.3629044396438985, -9.118457611772111, -9.785696970324393, -8.04335592096962, -6.938600978276983, -5.951044248669367, -3.0509445969761986, -3.177939295026248, -4.709051654804528, -11.79849394767655, -2.428839888469273, -2.2039330726046096, -4.5573420767681645, -0.9977036029367414], "type": "Float64"}}